Period,,Balance,,,Exports,,, Imports,
,Total,Goods 1,Services,Total,Goods 1,Services,Total,Goods 1,Services
Annual,,,,,,,,,
1960,"3,508","4,892","-1,385","25,939","19,650","6,289","22,433","14,758","7,675"
1961,"4,194","5,571","-1,377","26,403","20,108","6,295","22,208","14,537","7,671"
1962,"3,371","4,521","-1,151","27,722","20,781","6,941","24,352","16,260","8,092"
1963,"4,210","5,224","-1,014","29,620","22,272","7,348","25,411","17,048","8,363"
1964,"6,022","6,801",-780,"33,340","25,501","7,839","27,319","18,700","8,619"
1965,"4,664","4,951",-287,"35,285","26,461","8,824","30,621","21,510","9,111"
1966,"2,939","3,817",-878,"38,926","29,310","9,616","35,987","25,493","10,494"
1967,"2,604","3,800","-1,196","41,333","30,666","10,667","38,729","26,866","11,863"
1968,250,635,-385,"45,544","33,626","11,918","45,292","32,991","12,301"
1969,90,607,-517,"49,220","36,414","12,806","49,130","35,807","13,323"
1970,"2,255","2,603",-348,"56,640","42,469","14,171","54,385","39,866","14,519"
1971,"-1,301","-2,260",959,"59,677","43,319","16,358","60,980","45,579","15,401"
1972,"-5,443","-6,416",973,"67,223","49,381","17,842","72,664","55,797","16,867"
1973,"1,900",911,989,"91,242","71,410","19,832","89,342","70,499","18,843"
1974,"-4,293","-5,505","1,212","120,897","98,306","22,591","125,189","103,811","21,378"
1975,"12,403","8,903","3,500","132,585","107,088","25,497","120,181","98,185","21,996"
1976,"-6,082","-9,483","3,402","142,716","114,745","27,971","148,798","124,228","24,570"
1977,"-27,247","-31,091","3,845","152,302","120,816","31,486","179,547","151,907","27,640"
1978,"-29,763","-33,927","4,164","178,428","142,075","36,353","208,191","176,002","32,189"
1979,"-24,566","-27,568","3,003","224,132","184,439","39,693","248,696","212,007","36,689"
1980,"-19,407","-25,500","6,093","271,835","224,250","47,585","291,242","249,750","41,492"
1981,"-16,172","-28,023","11,851","294,399","237,044","57,355","310,570","265,067","45,503"
1982,"-24,156","-36,485","12,330","275,235","211,157","64,078","299,392","247,642","51,750"
1983,"-57,767","-67,102","9,335","266,106","201,799","64,307","323,874","268,901","54,973"
1984,"-109,074","-112,492","3,418","291,094","219,926","71,168","400,166","332,418","67,748"
1985,"-121,879","-122,173",294,"289,071","215,915","73,156","410,951","338,088","72,863"
1986,"-138,539","-145,081","6,543","310,034","223,344","86,690","448,572","368,425","80,147"
1987,"-151,683","-159,557","7,874","348,869","250,208","98,661","500,553","409,765","90,788"
1988,"-114,566","-126,959","12,394","431,150","320,230","110,920","545,714","447,189","98,525"
1989,"-93,142","-117,749","24,607","487,003","359,916","127,087","580,145","477,665","102,480"
1990,"-80,865","-111,037","30,173","535,234","387,401","147,833","616,098","498,438","117,660"
1991,"-31,136","-76,937","45,802","578,343","414,083","164,260","609,479","491,020","118,459"
1992,"-39,212","-96,897","57,685","616,882","439,631","177,251","656,094","536,528","119,566"
1993,"-70,311","-132,451","62,141","642,863","456,943","185,920","713,174","589,394","123,780"
1994,"-98,493","-165,831","67,338","703,254","502,859","200,395","801,747","668,690","133,057"
1995,"-96,384","-174,170","77,786","794,387","575,204","219,183","890,771","749,374","141,397"
1996,"-104,065","-191,000","86,935","851,602","612,113","239,489","955,667","803,113","152,554"
1997,"-108,273","-198,428","90,155","934,453","678,366","256,087","1,042,726","876,794","165,932"
1998,"-166,140","-248,221","82,081","933,174","670,416","262,758","1,099,314","918,637","180,677"
1999,"-255,809","-337,068","81,258","976,525","698,524","278,001","1,232,335","1,035,592","196,742"
2000,"-369,686","-446,783","77,096","1,082,963","784,940","298,023","1,452,650","1,231,722","220,927"
2001,"-360,373","-422,370","61,997","1,015,366","731,331","284,035","1,375,739","1,153,701","222,039"
2002,"-420,666","-475,245","54,579","986,095","698,036","288,059","1,406,762","1,173,281","233,480"
2003,"-496,243","-541,643","45,401","1,028,186","730,446","297,740","1,524,429","1,272,089","252,340"
2004,"-610,838","-664,766","53,927","1,168,120","823,584","344,536","1,778,958","1,488,349","290,609"
2005,"-716,542","-782,804","66,262","1,291,503","913,016","378,487","2,008,045","1,695,820","312,225"
2006,"-763,533","-837,289","73,756","1,463,991","1,040,905","423,086","2,227,523","1,878,194","349,329"
2007,"-710,997","-821,196","110,199","1,660,815","1,165,151","495,664","2,371,811","1,986,347","385,464"
2008,"-712,350","-832,492","120,142","1,849,586","1,308,795","540,791","2,561,936","2,141,287","420,650"
2009,"-394,771","-509,694","114,923","1,592,792","1,070,331","522,461","1,987,563","1,580,025","407,538"
2010,"-503,087","-648,671","145,584","1,872,320","1,290,279","582,041","2,375,407","1,938,950","436,456"
2011,"-554,522","-740,999","186,477","2,143,552","1,498,887","644,665","2,698,074","2,239,886","458,188"
2012,"-525,906","-741,119","215,213","2,247,453","1,562,630","684,823","2,773,359","2,303,749","469,610"
2013,"-446,861","-700,539","253,678","2,313,121","1,593,708","719,413","2,759,982","2,294,247","465,736"
2014,"-483,952","-749,917","265,965","2,392,615","1,635,563","757,051","2,876,566","2,385,480","491,086"
2015,"-490,776","-761,868","271,092","2,280,778","1,511,381","769,397","2,771,554","2,273,249","498,305"
2016,"-479,458","-749,801","270,343","2,240,824","1,457,393","783,431","2,720,282","2,207,195","513,088"
2017,"-516,939","-799,343","282,404","2,394,476","1,557,003","837,474","2,911,415","2,356,345","555,070"
2018,"-577,497","-878,749","301,252","2,544,583","1,676,913","867,670","3,122,081","2,555,662","566,418"
2019,"-559,270","-857,260","297,989","2,554,094","1,655,098","898,996","3,113,364","2,512,358","601,007"
2020,"-646,042","-912,875","266,834","2,172,846","1,433,852","738,994","2,818,888","2,346,727","472,161"
2021,"-837,274","-1,083,190","245,916","2,584,068","1,765,853","818,215","3,421,342","2,849,043","572,300"
2022,"-923,729","-1,174,565","250,836","3,058,445","2,095,576","962,869","3,982,174","3,270,141","712,033"
2023,"-774,205","-1,057,495","283,290","3,092,536","2,047,457","1,045,079","3,866,741","3,104,952","761,789"
2024,"-903,532","-1,215,403","311,870","3,232,524","2,079,777","1,152,747","4,136,057","3,295,180","840,877"
Monthly,,,,,,,,,
1992 Jan,"-2,026","-6,952","4,926","50,251","35,498","14,753","52,277","42,450","9,827"
1992 Feb,-831,"-5,593","4,762","51,682","36,854","14,828","52,513","42,447","10,066"
1992 Mar,"-2,641","-7,355","4,714","50,294","35,711","14,583","52,935","43,066","9,869"
1992 Apr,"-3,109","-8,284","5,175","50,302","35,439","14,863","53,411","43,723","9,688"
1992 May,"-3,919","-8,720","4,801","50,044","35,403","14,641","53,963","44,123","9,840"
1992 Jun,"-2,824","-7,538","4,714","51,727","37,099","14,628","54,551","44,637","9,914"
1992 Jul,"-2,781","-7,433","4,652","52,533","37,753","14,780","55,313","45,185","10,128"
1992 Aug,"-4,455","-9,317","4,862","50,940","36,051","14,889","55,395","45,368","10,027"
1992 Sep,"-3,530","-8,451","4,921","51,984","37,043","14,941","55,515","45,495","10,020"
1992 Oct,"-3,520","-8,354","4,834","53,035","37,997","15,038","56,556","46,352","10,204"
1992 Nov,"-3,968","-8,714","4,746","52,246","37,519","14,727","56,214","46,233","9,981"
1992 Dec,"-5,603","-10,185","4,582","51,843","37,264","14,579","57,446","47,449","9,997"
1993 Jan,"-3,871","-9,001","5,130","52,568","37,411","15,157","56,439","46,412","10,027"
1993 Feb,"-3,596","-9,167","5,571","52,480","37,002","15,478","56,076","46,169","9,907"
1993 Mar,"-6,777","-12,064","5,287","53,035","37,686","15,349","59,813","49,751","10,062"
1993 Apr,"-6,445","-11,674","5,229","53,139","37,589","15,550","59,584","49,263","10,321"
1993 May,"-4,369","-9,682","5,313","54,229","38,821","15,408","58,598","48,503","10,095"
1993 Jun,"-6,929","-12,187","5,258","52,346","36,847","15,499","59,275","49,034","10,241"
1993 Jul,"-6,382","-11,681","5,299","52,818","37,215","15,603","59,200","48,896","10,304"
1993 Aug,"-5,581","-11,020","5,439","53,224","37,561","15,663","58,805","48,581","10,224"
1993 Sep,"-7,031","-12,080","5,049","53,648","38,206","15,442","60,679","50,286","10,393"
1993 Oct,"-6,594","-11,775","5,181","55,476","39,511","15,965","62,069","51,285","10,784"
1993 Nov,"-7,016","-11,447","4,431","54,345","39,254","15,091","61,361","50,701","10,660"
1993 Dec,"-5,719","-10,673","4,954","55,552","39,841","15,711","61,271","50,514","10,757"
1994 Jan,"-6,207","-11,043","4,836","55,159","39,721","15,438","61,365","50,763","10,602"
1994 Feb,"-9,245","-14,038","4,793","53,729","37,850","15,879","62,974","51,888","11,086"
1994 Mar,"-6,466","-12,390","5,924","58,307","41,262","17,045","64,772","53,651","11,121"
1994 Apr,"-7,887","-13,408","5,521","56,436","39,987","16,449","64,323","53,395","10,928"
1994 May,"-7,728","-13,301","5,573","57,342","40,747","16,595","65,070","54,048","11,022"
1994 Jun,"-8,380","-14,241","5,861","58,451","41,517","16,934","66,831","55,758","11,073"
1994 Jul,"-8,739","-14,633","5,894","58,492","41,475","17,017","67,230","56,107","11,123"
1994 Aug,"-8,303","-13,960","5,657","60,407","43,522","16,885","68,710","57,482","11,228"
1994 Sep,"-8,310","-13,801","5,491","60,715","43,950","16,765","69,026","57,752","11,274"
1994 Oct,"-9,158","-14,788","5,630","59,861","43,087","16,774","69,019","57,875","11,144"
1994 Nov,"-9,615","-15,643","6,028","61,532","44,280","17,252","71,147","59,923","11,224"
1994 Dec,"-8,456","-14,586","6,130","62,825","45,461","17,364","71,281","60,047","11,234"
1995 Jan,"-9,324","-15,562","6,238","63,118","45,458","17,660","72,442","61,020","11,422"
1995 Feb,"-8,817","-14,487","5,670","63,077","46,031","17,046","71,894","60,518","11,376"
1995 Mar,"-9,708","-15,547","5,839","64,349","46,882","17,467","74,057","62,429","11,628"
1995 Apr,"-9,609","-15,901","6,292","65,074","47,165","17,909","74,682","63,065","11,617"
1995 May,"-9,090","-15,420","6,330","65,755","47,742","18,013","74,845","63,162","11,683"
1995 Jun,"-10,623","-16,068","5,445","64,855","47,614","17,241","75,478","63,682","11,796"
1995 Jul,"-7,688","-14,448","6,760","66,560","47,985","18,575","74,247","62,432","11,815"
1995 Aug,"-6,704","-13,515","6,811","67,469","48,770","18,699","74,173","62,285","11,888"
1995 Sep,"-5,924","-13,187","7,263","68,943","49,781","19,162","74,867","62,968","11,899"
1995 Oct,"-6,114","-12,861","6,747","68,105","49,272","18,833","74,219","62,133","12,086"
1995 Nov,"-6,514","-13,597","7,083","68,009","48,852","19,157","74,523","62,449","12,074"
1995 Dec,"-6,271","-13,577","7,306","69,071","49,653","19,418","75,342","63,230","12,112"
1996 Jan,"-8,465","-15,007","6,542","68,299","49,554","18,745","76,764","64,561","12,203"
1996 Feb,"-7,319","-13,764","6,445","69,899","50,973","18,926","77,217","64,736","12,481"
1996 Mar,"-7,756","-15,122","7,366","69,797","50,026","19,771","77,553","65,148","12,405"
1996 Apr,"-8,744","-15,597","6,853","70,126","50,797","19,329","78,870","66,394","12,476"
1996 May,"-9,259","-16,668","7,409","71,029","50,914","20,115","80,288","67,582","12,706"
1996 Jun,"-7,460","-14,944","7,484","71,056","51,150","19,906","78,516","66,094","12,422"
1996 Jul,"-10,132","-16,397","6,265","69,404","50,030","19,374","79,536","66,427","13,109"
1996 Aug,"-10,357","-17,097","6,740","70,563","50,877","19,686","80,919","67,973","12,946"
1996 Sep,"-10,195","-17,018","6,823","70,553","50,949","19,604","80,748","67,967","12,781"
1996 Oct,"-6,635","-15,070","8,435","73,769","52,306","21,463","80,404","67,376","13,028"
1996 Nov,"-7,268","-15,814","8,546","74,263","52,698","21,565","81,531","68,512","13,019"
1996 Dec,"-10,475","-18,502","8,027","72,842","51,840","21,002","83,317","70,342","12,975"
1997 Jan,"-11,269","-18,455","7,186","72,910","52,260","20,650","84,179","70,715","13,464"
1997 Feb,"-9,776","-17,036","7,260","75,225","54,470","20,755","85,001","71,506","13,495"
1997 Mar,"-8,383","-16,048","7,665","77,050","55,940","21,110","85,433","71,988","13,445"
1997 Apr,"-8,086","-15,778","7,692","77,769","56,621","21,148","85,855","72,399","13,456"
1997 May,"-8,394","-16,248","7,854","77,883","56,386","21,497","86,277","72,634","13,643"
1997 Jun,"-7,154","-15,021","7,867","78,889","57,242","21,647","86,043","72,263","13,780"
1997 Jul,"-7,033","-14,718","7,685","80,099","58,545","21,554","87,132","73,263","13,869"
1997 Aug,"-8,743","-16,505","7,762","78,622","56,895","21,727","87,365","73,400","13,965"
1997 Sep,"-9,269","-16,597","7,328","79,287","57,714","21,573","88,556","74,311","14,245"
1997 Oct,"-9,089","-16,820","7,731","79,383","57,655","21,728","88,472","74,475","13,997"
1997 Nov,"-9,786","-16,854","7,068","78,300","56,982","21,318","88,086","73,836","14,250"
1997 Dec,"-11,289","-18,350","7,061","79,038","57,654","21,384","90,327","76,004","14,323"
1998 Jan,"-10,776","-18,016","7,240","79,008","57,500","21,508","89,784","75,516","14,268"
1998 Feb,"-11,564","-18,302","6,738","77,931","56,627","21,304","89,495","74,929","14,566"
1998 Mar,"-12,880","-20,288","7,408","78,812","56,934","21,878","91,692","77,222","14,470"
1998 Apr,"-13,940","-21,488","7,548","77,626","55,229","22,397","91,566","76,717","14,849"
1998 May,"-14,202","-21,493","7,291","77,147","55,073","22,074","91,349","76,566","14,783"
1998 Jun,"-13,247","-19,957","6,710","76,961","55,257","21,704","90,208","75,214","14,994"
1998 Jul,"-13,949","-20,316","6,367","76,149","54,618","21,531","90,098","74,934","15,164"
1998 Aug,"-16,028","-22,389","6,361","75,512","53,945","21,567","91,540","76,334","15,206"
1998 Sep,"-14,820","-21,096","6,276","77,179","55,490","21,689","91,999","76,586","15,413"
1998 Oct,"-14,815","-21,414","6,599","79,351","56,962","22,389","94,166","78,376","15,790"
1998 Nov,"-15,173","-21,752","6,579","79,117","56,949","22,168","94,290","78,701","15,589"
1998 Dec,"-14,745","-21,709","6,964","78,382","55,833","22,549","93,127","77,542","15,585"
1999 Jan,"-15,876","-22,369","6,493","78,473","56,296","22,177","94,349","78,666","15,684"
1999 Feb ,"-18,468","-25,149","6,681","78,212","55,673","22,539","96,680","80,822","15,858"
1999 Mar  ,"-17,719","-24,437","6,717","78,701","56,017","22,684","96,421","80,454","15,967"
1999 Apr ,"-17,946","-24,547","6,601","79,530","56,909","22,622","97,476","81,456","16,020"
1999 May ,"-20,046","-26,694","6,648","79,539","56,749","22,790","99,585","83,443","16,142"
1999 Jun ,"-22,892","-29,752","6,860","79,808","56,692","23,117","102,700","86,443","16,257"
1999 Jul,"-23,100","-30,154","7,055","81,122","57,526","23,596","104,221","87,680","16,541"
1999 Aug ,"-22,626","-29,673","7,046","82,645","58,955","23,690","105,271","88,628","16,644"
1999 Sep,"-22,699","-29,694","6,995","83,727","59,944","23,782","106,426","89,638","16,788"
1999 Oct ,"-23,372","-30,202","6,829","83,942","60,298","23,644","107,315","90,500","16,815"
1999 Nov,"-25,126","-31,823","6,698","84,633","60,859","23,774","109,759","92,682","17,077"
1999 Dec,"-25,939","-32,574","6,635","86,192","62,607","23,585","112,131","95,180","16,950"
2000 Jan ,"-27,131","-33,360","6,228","86,001","62,502","23,499","113,133","95,862","17,271"
2000 Feb,"-29,794","-36,214","6,420","86,540","62,442","24,098","116,334","98,656","17,678"
2000 Mar,"-30,557","-37,326","6,769","88,115","63,556","24,559","118,672","100,882","17,790"
2000 Apr ,"-28,598","-35,671","7,074","89,359","64,292","25,067","117,957","99,963","17,994"
2000 May,"-29,165","-35,883","6,718","88,958","64,016","24,941","118,123","99,899","18,223"
2000 Jun,"-30,405","-37,265","6,861","91,635","66,361","25,275","122,040","103,626","18,414"
2000 Jul ,"-31,252","-37,527","6,276","91,195","66,035","25,161","122,447","103,562","18,885"
2000 Aug,"-29,931","-36,037","6,107","93,112","67,915","25,198","123,043","103,952","19,091"
2000 Sep,"-33,333","-39,188","5,855","92,896","67,856","25,041","126,230","107,044","19,186"
2000 Oct ,"-33,378","-39,522","6,145","92,177","67,058","25,120","125,555","106,580","18,975"
2000 Nov,"-32,723","-38,855","6,132","91,919","66,885","25,034","124,642","105,740","18,902"
2000 Dec ,"-33,420","-39,933","6,513","91,055","66,023","25,032","124,475","105,956","18,519"
2001 Jan,"-35,202","-40,753","5,552","90,796","65,979","24,816","125,997","106,733","19,265"
2001 Feb ,"-29,301","-35,305","6,004","91,101","66,272","24,828","120,401","101,577","18,824"
2001 Mar,"-32,812","-38,540","5,729","89,251","64,525","24,726","122,063","103,066","18,997"
2001 Apr,"-30,521","-36,105","5,584","87,903","63,262","24,641","118,424","99,367","19,057"
2001 May,"-27,095","-32,630","5,535","88,476","63,881","24,595","115,572","96,512","19,060"
2001 Jun,"-29,151","-34,830","5,679","85,938","61,362","24,576","115,089","96,192","18,897"
2001 Jul ,"-29,902","-35,176","5,273","83,202","59,412","23,790","113,104","94,588","18,517"
2001 Aug,"-28,094","-33,391","5,297","83,882","60,011","23,871","111,975","93,402","18,573"
2001 Sep,"-30,217","-35,338","5,121","79,509","56,531","22,978","109,726","91,869","17,856"
2001 Oct ,"-30,588","-35,084","4,496","79,062","57,087","21,975","109,650","92,171","17,479"
2001 Nov,"-30,003","-33,997","3,993","78,446","56,825","21,621","108,449","90,822","17,627"
2001 Dec,"-27,488","-31,221","3,733","77,800","56,181","21,619","105,288","87,402","17,886"
2002 Jan ,"-29,678","-33,806","4,129","79,260","56,439","22,822","108,938","90,245","18,693"
2002 Feb ,"-32,501","-36,219","3,719","79,264","56,133","23,131","111,764","92,352","19,413"
2002 Mar ,"-31,161","-36,101","4,939","80,344","56,224","24,121","111,506","92,325","19,181"
2002 Apr ,"-33,965","-38,648","4,683","82,072","58,365","23,707","116,037","97,013","19,024"
2002 May,"-34,026","-39,212","5,186","82,427","58,224","24,203","116,453","97,436","19,017"
2002 Jun ,"-34,732","-39,676","4,944","83,563","59,245","24,318","118,296","98,922","19,374"
2002 Jul ,"-33,913","-38,692","4,779","83,724","59,580","24,144","117,637","98,271","19,365"
2002 Aug,"-36,385","-41,136","4,751","83,689","59,623","24,067","120,075","100,759","19,316"
2002 Sep ,"-36,088","-41,176","5,088","83,487","59,249","24,238","119,575","100,425","19,150"
2002 Oct ,"-35,095","-39,488","4,393","82,767","58,437","24,330","117,862","97,925","19,937"
2002 Nov,"-39,515","-43,800","4,285","83,919","59,307","24,612","123,435","103,108","20,327"
2002 Dec ,"-43,607","-47,290","3,682","81,578","57,211","24,367","125,186","104,501","20,685"
2003 Jan ,"-41,156","-44,682","3,526","82,513","58,689","23,824","123,668","103,371","20,298"
2003 Feb ,"-40,082","-43,453","3,372","83,094","59,386","23,708","123,176","102,840","20,336"
2003 Mar,"-43,806","-47,085","3,279","83,157","59,474","23,683","126,963","106,559","20,404"
2003 Apr ,"-42,037","-45,665","3,629","82,565","58,792","23,773","124,602","104,457","20,145"
2003 May,"-41,045","-45,108","4,063","82,630","58,811","23,819","123,675","103,919","19,756"
2003 Jun ,"-39,696","-43,896","4,200","85,174","60,936","24,237","124,869","104,832","20,037"
2003 Jul,"-41,321","-44,942","3,620","85,943","61,205","24,739","127,265","106,147","21,118"
2003 Aug,"-39,892","-43,611","3,719","84,906","59,730","25,176","124,797","103,341","21,457"
2003 Sep,"-41,842","-45,611","3,769","86,968","61,406","25,563","128,811","107,017","21,794"
2003 Oct ,"-41,388","-45,370","3,982","88,890","62,858","26,032","130,279","108,228","22,050"
2003 Nov,"-39,898","-44,024","4,126","91,323","64,991","26,332","131,220","109,015","22,205"
2003 Dec,"-44,080","-48,196","4,116","91,023","64,169","26,855","135,103","112,364","22,739"
2004 Jan ,"-44,645","-48,867","4,222","90,564","63,243","27,321","135,209","112,110","23,099"
2004 Feb,"-44,552","-49,027","4,475","94,131","66,443","27,689","138,683","115,470","23,214"
2004 Mar,"-46,754","-51,543","4,789","96,707","68,474","28,233","143,461","120,017","23,444"
2004 Apr,"-47,283","-52,183","4,899","96,398","67,810","28,588","143,681","119,993","23,689"
2004 May,"-47,553","-52,560","5,007","98,197","69,480","28,717","145,750","122,040","23,710"
2004 Jun ,"-54,169","-58,940","4,771","95,773","67,025","28,747","149,941","125,965","23,976"
2004 Jul ,"-51,606","-56,104","4,498","96,907","68,510","28,397","148,513","124,614","23,899"
2004 Aug,"-53,647","-56,935","3,287","97,295","68,980","28,316","150,943","125,914","25,028"
2004 Sep ,"-51,686","-55,895","4,210","98,782","70,139","28,643","150,468","126,035","24,433"
2004 Oct,"-55,058","-59,561","4,504","100,494","70,934","29,560","155,552","130,495","25,057"
2004 Nov,"-58,967","-63,496","4,529","100,090","70,148","29,943","159,058","133,644","25,414"
2004 Dec,"-54,918","-59,655","4,737","102,781","72,398","30,382","157,699","132,053","25,646"
2005 Jan ,"-56,189","-61,181","4,993","103,206","72,679","30,527","159,395","133,860","25,535"
2005 Feb,"-58,094","-63,446","5,352","104,010","73,198","30,812","162,104","136,644","25,460"
2005 Mar,"-53,134","-58,949","5,815","105,097","73,719","31,379","158,231","132,668","25,563"
2005 Apr ,"-57,312","-62,621","5,309","107,268","76,407","30,861","164,580","139,028","25,552"
2005 May,"-56,040","-61,685","5,646","107,080","75,785","31,294","163,119","137,471","25,649"
2005 Jun ,"-58,152","-63,601","5,449","107,033","75,759","31,274","165,185","139,360","25,825"
2005 Jul ,"-58,301","-63,343","5,042","107,082","75,955","31,127","165,382","139,298","26,084"
2005 Aug,"-58,745","-63,929","5,184","108,475","77,129","31,346","167,220","141,058","26,161"
2005 Sep,"-64,882","-70,530","5,647","107,156","75,332","31,824","172,039","145,862","26,177"
2005 Oct,"-67,265","-73,179","5,914","109,813","77,433","32,380","177,078","150,612","26,466"
2005 Nov,"-63,859","-69,822","5,962","111,462","78,840","32,621","175,321","148,662","26,659"
2005 Dec,"-64,568","-70,516","5,948","113,822","80,780","33,042","178,390","151,296","27,094"
2006 Jan ,"-66,967","-72,871","5,904","115,831","81,984","33,846","182,797","154,855","27,942"
2006 Feb,"-62,308","-67,493","5,185","116,871","82,943","33,928","179,179","150,436","28,743"
2006 Mar,"-62,397","-68,017","5,620","118,820","84,745","34,075","181,217","152,762","28,455"
2006 Apr ,"-62,603","-68,707","6,105","119,611","84,593","35,018","182,214","153,300","28,913"
2006 May,"-64,818","-71,283","6,465","121,155","85,841","35,314","185,973","157,124","28,849"
2006 Jun ,"-63,800","-69,728","5,929","122,726","87,739","34,987","186,525","157,467","29,058"
2006 Jul,"-66,909","-72,687","5,778","120,430","85,676","34,754","187,339","158,363","28,977"
2006 Aug,"-68,277","-74,214","5,938","122,780","87,953","34,828","191,057","162,167","28,890"
2006 Sep,"-65,095","-71,279","6,184","124,051","88,736","35,316","189,146","160,014","29,132"
2006 Oct ,"-59,538","-65,954","6,415","125,533","89,373","36,160","185,071","155,327","29,745"
2006 Nov,"-58,939","-65,796","6,857","127,388","90,348","37,039","186,327","156,144","30,183"
2006 Dec ,"-61,882","-69,259","7,377","128,795","90,975","37,820","190,677","160,234","30,443"
2007 Jan ,"-58,014","-65,776","7,762","130,648","92,195","38,453","188,662","157,970","30,691"
2007 Feb ,"-58,479","-66,380","7,901","129,481","90,572","38,910","187,960","156,951","31,009"
2007 Mar,"-62,183","-70,644","8,461","133,836","94,037","39,799","196,019","164,681","31,337"
2007 Apr ,"-60,494","-68,670","8,175","133,351","93,672","39,680","193,845","162,341","31,504"
2007 May,"-59,572","-67,895","8,323","135,835","95,704","40,131","195,407","163,599","31,808"
2007 Jun ,"-59,997","-68,735","8,738","137,312","96,544","40,768","197,309","165,280","32,030"
2007 Jul ,"-60,246","-69,198","8,951","138,545","97,079","41,466","198,792","166,277","32,515"
2007 Aug,"-57,214","-67,060","9,846","141,518","98,850","42,668","198,733","165,910","32,822"
2007 Sep ,"-58,158","-67,714","9,555","142,070","99,722","42,348","200,228","167,436","32,792"
2007 Oct ,"-57,666","-68,299","10,633","144,525","101,170","43,355","202,191","169,470","32,722"
2007 Nov ,"-60,682","-71,741","11,058","146,264","102,239","44,025","206,947","173,980","32,967"
2007 Dec ,"-58,290","-69,084","10,794","147,429","103,367","44,061","205,719","172,452","33,267"
2008 Jan,"-61,339","-71,650","10,311","151,094","106,639","44,455","212,433","178,289","34,144"
2008 Feb,"-64,225","-74,110","9,885","153,660","109,141","44,520","217,885","183,250","34,635"
2008 Mar,"-60,200","-70,917","10,718","152,900","107,934","44,966","213,100","178,852","34,248"
2008 Apr,"-63,733","-74,315","10,582","157,362","112,208","45,155","221,095","186,523","34,573"
2008 May,"-62,310","-73,868","11,558","159,082","112,971","46,110","221,392","186,839","34,553"
2008 Jun,"-60,889","-72,286","11,397","164,073","117,785","46,288","224,962","190,071","34,891"
2008 Jul ,"-66,989","-77,628","10,639","166,232","120,156","46,075","233,221","197,785","35,437"
2008 Aug,"-62,394","-71,541","9,146","163,335","117,826","45,509","225,729","189,366","36,363"
2008 Sep,"-60,292","-70,455","10,163","154,611","109,228","45,383","214,904","179,683","35,221"
2008 Oct ,"-60,879","-70,138","9,259","151,854","106,639","45,215","212,733","176,777","35,955"
2008 Nov,"-45,132","-53,601","8,469","142,973","99,102","43,871","188,105","152,703","35,402"
2008 Dec,"-43,967","-51,983","8,016","132,410","89,166","43,244","176,377","141,149","35,228"
2009 Jan ,"-39,343","-47,164","7,822","125,858","83,705","42,153","165,201","130,870","34,331"
2009 Feb,"-28,778","-37,359","8,581","127,893","86,043","41,849","156,671","123,402","33,269"
2009 Mar,"-30,193","-38,976","8,783","126,478","84,462","42,016","156,670","123,437","33,233"
2009 Apr,"-30,473","-39,544","9,071","125,323","82,580","42,744","155,796","122,124","33,672"
2009 May,"-25,839","-35,595","9,756","127,342","84,534","42,808","153,181","120,129","33,052"
2009 Jun ,"-27,152","-36,844","9,692","129,796","86,944","42,852","156,948","123,788","33,160"
2009 Jul ,"-33,307","-42,838","9,531","131,878","88,738","43,141","165,185","131,576","33,609"
2009 Aug,"-31,674","-41,816","10,142","132,566","88,800","43,766","164,240","130,616","33,624"
2009 Sep,"-35,247","-45,296","10,049","137,047","92,743","44,304","172,294","138,039","34,255"
2009 Oct ,"-34,959","-45,350","10,391","141,056","95,836","45,220","176,015","141,186","34,828"
2009 Nov,"-38,381","-49,072","10,691","142,075","96,260","45,816","180,456","145,332","35,125"
2009 Dec,"-39,426","-49,840","10,413","145,480","99,687","45,793","184,906","149,527","35,379"
2010 Jan,"-37,744","-49,076","11,332","145,718","99,243","46,475","183,462","148,319","35,143"
2010 Feb,"-41,504","-52,020","10,515","146,849","100,546","46,303","188,353","152,565","35,788"
2010 Mar ,"-40,271","-51,549","11,279","151,080","104,490","46,590","191,351","156,040","35,311"
2010 Apr,"-41,496","-52,440","10,944","150,006","103,405","46,601","191,502","155,845","35,657"
2010 May,"-42,088","-53,595","11,507","153,819","106,546","47,273","195,907","160,141","35,766"
2010 Jun ,"-47,316","-59,092","11,776","153,326","105,364","47,962","200,642","164,456","36,186"
2010 Jul ,"-41,609","-53,416","11,807","156,763","108,197","48,567","198,373","161,613","36,760"
2010 Aug,"-45,619","-58,128","12,509","157,769","108,331","49,438","203,387","166,459","36,929"
2010 Sep,"-44,333","-57,297","12,964","158,624","108,638","49,986","202,958","165,935","37,023"
2010 Oct  ,"-40,646","-53,715","13,069","164,234","113,684","50,550","204,880","167,399","37,481"
2010 Nov ,"-38,739","-52,385","13,646","165,621","114,639","50,982","204,360","167,024","37,336"
2010 Dec  ,"-41,721","-55,958","14,238","168,510","117,196","51,314","210,231","173,155","37,077"
2011 Jan,"-48,123","-62,609","14,486","169,897","118,562","51,334","218,020","181,172","36,848"
2011 Feb ,"-44,753","-59,702","14,949","168,665","117,018","51,647","213,418","176,720","36,698"
2011 Mar ,"-44,312","-59,755","15,443","176,676","124,039","52,637","220,988","183,794","37,194"
2011 Apr ,"-42,685","-57,812","15,127","178,838","125,834","53,004","221,523","183,646","37,877"
2011 May ,"-47,725","-63,078","15,353","178,856","125,030","53,826","226,581","188,108","38,473"
2011 Jun ,"-49,882","-65,598","15,717","176,895","122,625","54,270","226,777","188,224","38,553"
2011 Jul ,"-46,070","-62,067","15,996","181,502","126,453","55,050","227,573","188,519","39,054"
2011 Aug ,"-45,052","-61,924","16,872","182,475","126,475","56,000","227,527","188,399","39,128"
2011 Sep ,"-43,477","-59,834","16,357","183,858","128,738","55,120","227,334","188,572","38,762"
2011 Oct ,"-45,509","-60,867","15,358","182,681","128,747","53,934","228,190","189,614","38,576"
2011 Nov ,"-47,460","-62,687","15,226","180,798","127,077","53,720","228,258","189,764","38,494"
2011 Dec ,"-49,473","-65,067","15,593","182,411","128,287","54,125","231,885","193,353","38,532"
2012 Jan ,"-50,126","-66,735","16,609","182,425","127,345","55,080","232,551","194,081","38,471"
2012 Feb ,"-42,780","-60,195","17,415","185,085","128,801","56,285","227,865","188,995","38,869"
2012 Mar ,"-49,749","-66,971","17,222","188,511","132,015","56,496","238,260","198,986","39,274"
2012 Apr ,"-46,842","-64,077","17,235","187,092","130,538","56,554","233,934","194,615","39,319"
2012 May ,"-45,106","-62,589","17,483","187,375","130,724","56,651","232,481","193,313","39,168"
2012 Jun ,"-42,941","-60,415","17,474","187,247","130,717","56,530","230,188","191,132","39,056"
2012 Jul ,"-42,406","-59,723","17,317","186,714","130,145","56,570","229,120","189,868","39,252"
2012 Aug,"-44,030","-61,109","17,079","184,999","128,352","56,648","229,029","189,461","39,568"
2012 Sep,"-38,794","-57,416","18,622","191,182","133,580","57,602","229,976","190,996","38,980"
2012 Oct ,"-41,467","-60,545","19,078","186,133","127,616","58,517","227,600","188,161","39,440"
2012 Nov,"-45,332","-64,668","19,335","188,461","129,697","58,765","233,794","194,364","39,430"
2012 Dec,"-36,334","-56,678","20,344","192,226","133,100","59,126","228,560","189,778","38,783"
2013 Jan,"-40,135","-60,764","20,629","190,283","131,197","59,086","230,418","191,961","38,457"
2013 Feb,"-41,004","-61,750","20,746","192,436","133,289","59,147","233,440","195,039","38,400"
2013 Mar,"-34,314","-55,614","21,300","189,856","130,539","59,317","224,170","186,153","38,017"
2013 Apr,"-38,487","-58,407","19,920","190,603","131,932","58,670","229,090","190,339","38,751"
2013 May,"-41,701","-62,194","20,493","189,837","130,799","59,038","231,538","192,993","38,545"
2013 Jun,"-34,426","-55,548","21,122","192,921","133,359","59,563","227,347","188,907","38,441"
2013 Jul,"-36,356","-57,948","21,592","192,125","132,030","60,094","228,481","189,978","38,503"
2013 Aug,"-36,617","-58,044","21,427","192,449","132,361","60,087","229,065","190,405","38,660"
2013 Sep,"-39,917","-61,635","21,718","192,505","131,743","60,762","232,422","193,379","39,044"
2013 Oct,"-36,285","-57,771","21,486","196,471","135,485","60,987","232,757","193,256","39,501"
2013 Nov,"-33,983","-55,237","21,254","197,292","136,235","61,057","231,275","191,472","39,804"
2013 Dec,"-33,636","-55,627","21,991","196,343","134,737","61,605","229,979","190,364","39,614"
2014 Jan,"-37,433","-59,821","22,388","195,789","133,813","61,976","233,222","193,634","39,588"
2014 Feb,"-40,119","-61,758","21,639","195,059","132,989","62,070","235,178","194,747","40,431"
2014 Mar,"-42,940","-63,738","20,798","199,559","137,312","62,247","242,498","201,050","41,448"
2014 Apr,"-43,735","-66,424","22,690","199,056","136,036","63,019","242,790","202,461","40,329"
2014 May,"-39,575","-62,522","22,947","201,418","137,841","63,577","240,993","200,362","40,630"
2014 Jun,"-38,895","-61,411","22,515","200,514","137,005","63,509","239,410","198,416","40,994"
2014 Jul,"-38,935","-61,785","22,850","200,758","137,619","63,140","239,693","199,403","40,290"
2014 Aug,"-36,935","-59,403","22,468","202,226","139,035","63,191","239,161","198,438","40,723"
2014 Sep,"-41,672","-63,888","22,216","199,556","136,162","63,393","241,228","200,050","41,177"
2014 Oct,"-41,067","-62,424","21,358","201,376","137,767","63,609","242,443","200,191","42,251"
2014 Nov,"-39,808","-61,479","21,671","198,893","135,528","63,364","238,700","197,007","41,693"
2014 Dec,"-42,838","-65,264","22,426","198,413","134,456","63,957","241,251","199,720","41,531"
2015 Jan,"-38,865","-62,102","23,237","194,245","130,199","64,046","233,110","192,301","40,809"
2015 Feb,"-33,903","-57,664","23,761","191,934","127,893","64,041","225,837","185,557","40,280"
2015 Mar,"-48,732","-72,184","23,452","192,271","127,813","64,459","241,004","199,997","41,007"
2015 Apr,"-39,836","-62,722","22,886","193,086","129,260","63,826","232,923","191,982","40,940"
2015 May,"-38,502","-61,462","22,960","191,918","127,791","64,127","230,420","189,253","41,167"
2015 Jun,"-42,425","-65,486","23,062","191,512","127,095","64,417","233,937","192,581","41,356"
2015 Jul,"-40,340","-62,741","22,400","190,841","126,898","63,943","231,181","189,639","41,542"
2015 Aug,"-44,205","-66,773","22,568","188,084","123,935","64,149","232,289","190,707","41,581"
2015 Sep,"-41,641","-63,547","21,907","189,155","125,167","63,989","230,796","188,714","42,082"
2015 Oct,"-40,873","-62,385","21,513","187,795","123,524","64,272","228,668","185,909","42,759"
2015 Nov,"-40,451","-62,045","21,594","185,419","121,367","64,053","225,870","183,412","42,459"
2015 Dec,"-41,003","-62,757","21,753","184,517","120,441","64,077","225,521","183,198","42,323"
2016 Jan,"-40,044","-61,523","21,478","180,952","117,470","63,482","220,996","178,992","42,004"
2016 Feb,"-43,306","-64,300","20,994","183,033","119,526","63,507","226,339","183,825","42,513"
2016 Mar,"-36,801","-58,418","21,617","182,053","118,266","63,787","218,854","176,684","42,170"
2016 Apr,"-38,048","-59,727","21,679","184,167","119,929","64,237","222,214","179,656","42,558"
2016 May,"-39,032","-61,970","22,938","185,124","119,814","65,310","224,156","181,784","42,372"
2016 Jun,"-41,719","-65,305","23,586","186,833","120,538","66,295","228,552","185,843","42,709"
2016 Jul,"-39,931","-63,656","23,724","188,196","121,694","66,502","228,127","185,349","42,778"
2016 Aug,"-40,146","-62,638","22,491","190,173","123,500","66,673","230,319","186,137","44,182"
2016 Sep,"-37,004","-60,586","23,582","190,714","124,204","66,509","227,718","184,790","42,927"
2016 Oct,"-38,555","-61,397","22,843","189,343","123,717","65,626","227,898","185,115","42,783"
2016 Nov,"-43,896","-66,800","22,904","187,653","122,075","65,578","231,550","188,875","42,675"
2016 Dec,"-40,976","-63,483","22,507","192,584","126,661","65,923","233,560","190,144","43,415"
2017 Jan,"-43,556","-66,402","22,845","195,435","128,320","67,115","238,992","194,722","44,270"
2017 Feb,"-39,785","-63,592","23,808","196,492","128,276","68,216","236,277","191,868","44,408"
2017 Mar,"-41,124","-65,053","23,929","196,213","127,612","68,601","237,337","192,666","44,672"
2017 Apr,"-44,227","-68,405","24,178","196,038","126,819","69,219","240,265","195,224","45,041"
2017 May,"-43,985","-67,183","23,198","195,533","126,303","69,230","239,517","193,486","46,032"
2017 Jun,"-42,579","-65,992","23,413","197,990","128,407","69,582","240,568","194,399","46,169"
2017 Jul,"-43,854","-65,483","21,628","197,260","127,503","69,756","241,114","192,986","48,128"
2017 Aug,"-41,391","-64,313","22,922","198,957","128,829","70,128","240,348","193,142","47,206"
2017 Sep,"-41,593","-64,980","23,387","201,125","130,310","70,814","242,718","195,290","47,428"
2017 Oct,"-42,848","-66,665","23,818","202,855","131,635","71,220","245,703","198,300","47,402"
2017 Nov,"-45,463","-69,836","24,373","206,890","135,163","71,727","252,353","204,998","47,354"
2017 Dec,"-46,535","-71,439","24,905","209,690","137,825","71,865","256,224","209,264","46,960"
2018 Jan  ,"-46,993","-73,585","26,592","207,358","134,575","72,782","254,351","208,161","46,190"
2018 Feb  ,"-48,714","-74,571","25,858","210,539","137,531","73,008","259,253","212,102","47,151"
2018 Mar  ,"-43,514","-69,809","26,295","213,280","140,257","73,023","256,794","210,066","46,727"
2018 Apr  ,"-46,306","-71,059","24,754","212,156","140,638","71,518","258,462","211,698","46,764"
2018 May  ,"-41,635","-66,567","24,931","215,578","143,860","71,719","257,214","210,426","46,787"
2018 Jun  ,"-44,928","-69,309","24,381","213,466","141,848","71,618","258,395","211,157","47,237"
2018 Jul  ,"-49,560","-74,637","25,077","211,540","139,405","72,135","261,101","214,042","47,058"
2018 Aug  ,"-49,301","-75,127","25,827","211,420","138,889","72,531","260,721","214,016","46,705"
2018 Sep  ,"-50,245","-75,656","25,411","213,852","141,314","72,538","264,097","216,970","47,127"
2018 Oct  ,"-52,160","-76,525","24,365","214,288","142,181","72,107","266,448","218,705","47,743"
2018 Nov  ,"-49,143","-73,107","23,964","211,755","139,523","72,232","260,898","212,631","48,268"
2018 Dec  ,"-54,997","-78,795","23,798","209,350","136,892","72,458","264,347","215,687","48,660"
2019 Jan  ,"-48,785","-71,997","23,212","211,144","138,580","72,563","259,929","210,577","49,352"
2019 Feb  ,"-47,570","-71,109","23,539","213,288","139,872","73,416","260,858","210,981","49,878"
2019 Mar  ,"-48,154","-71,989","23,835","214,650","140,456","74,194","262,803","212,445","50,359"
2019 Apr  ,"-49,769","-74,433","24,664","211,246","136,155","75,091","261,015","210,588","50,427"
2019 May  ,"-51,047","-76,567","25,520","215,480","139,405","76,076","266,527","215,971","50,556"
2019 Jun  ,"-48,703","-74,294","25,590","212,818","136,770","76,049","261,522","211,063","50,458"
2019 Jul  ,"-48,436","-73,382","24,946","212,797","137,794","75,003","261,233","211,175","50,057"
2019 Aug  ,"-48,676","-73,823","25,147","212,599","137,488","75,112","261,276","211,311","49,965"
2019 Sep  ,"-44,400","-69,458","25,058","211,602","136,669","74,933","256,002","206,127","49,875"
2019 Oct  ,"-41,305","-67,187","25,882","212,281","136,659","75,622","253,586","203,846","49,740"
2019 Nov  ,"-38,786","-64,492","25,705","212,786","137,266","75,520","251,572","201,758","49,815"
2019 Dec  ,"-43,639","-68,530","24,891","213,402","137,986","75,416","257,041","206,516","50,525"
2020 Jan  ,"-43,562","-67,273","23,710","208,878","136,175","72,702","252,440","203,448","48,992"
2020 Feb  ,"-39,931","-62,520","22,589","209,544","137,583","71,961","249,475","200,104","49,372"
2020 Mar  ,"-42,374","-65,509","23,135","190,055","126,704","63,351","232,429","192,213","40,216"
2020 Apr  ,"-51,888","-74,901","23,013","151,929","94,513","57,415","203,817","169,414","34,402"
2020 May  ,"-53,995","-76,702","22,707","147,143","90,117","57,026","201,138","166,819","34,319"
2020 Jun  ,"-49,161","-71,730","22,569","160,760","103,668","57,091","209,921","175,398","34,523"
2020 Jul  ,"-58,882","-80,570","21,688","172,697","115,415","57,282","231,578","195,985","35,594"
2020 Aug  ,"-61,843","-83,184","21,341","176,731","118,859","57,871","238,574","202,043","36,530"
2020 Sep  ,"-57,002","-78,363","21,361","182,527","123,549","58,977","239,529","201,913","37,616"
2020 Oct  ,"-61,126","-82,281","21,155","185,902","125,549","60,353","247,028","207,830","39,198"
2020 Nov  ,"-64,349","-86,159","21,810","190,228","128,213","62,015","254,577","214,373","40,205"
2020 Dec  ,"-61,928","-83,683","21,755","196,454","133,504","62,950","258,382","217,188","41,194"
2021 Jan  ,"-62,826","-85,276","22,450","199,093","135,365","63,728","261,919","220,640","41,278"
2021 Feb  ,"-65,630","-87,752","22,122","195,739","132,130","63,609","261,369","219,882","41,487"
2021 Mar  ,"-65,658","-87,442","21,784","208,951","144,297","64,654","274,608","231,739","42,870"
2021 Apr  ,"-65,115","-86,406","21,290","209,117","143,988","65,129","274,233","230,394","43,839"
2021 May  ,"-65,779","-87,414","21,635","211,641","145,057","66,584","277,420","232,471","44,949"
2021 Jun  ,"-71,187","-92,228","21,041","214,009","146,051","67,958","285,196","238,279","46,917"
2021 Jul  ,"-69,169","-87,418","18,250","216,286","147,843","68,443","285,455","235,262","50,193"
2021 Aug  ,"-72,588","-90,075","17,486","217,728","148,824","68,905","290,317","238,898","51,418"
2021 Sep  ,"-74,657","-93,608","18,951","214,183","144,609","69,574","288,840","238,217","50,623"
2021 Oct  ,"-66,003","-85,158","19,155","228,772","158,249","70,523","294,775","243,407","51,368"
2021 Nov  ,"-79,425","-100,024","20,599","231,756","157,938","73,818","311,181","257,962","53,219"
2021 Dec  ,"-79,238","-100,390","21,153","236,793","161,501","75,292","316,030","261,891","54,139"
2022 Jan  ,"-83,599","-105,064","21,465","232,637","158,136","74,501","316,236","263,200","53,036"
2022 Feb  ,"-84,685","-104,529","19,845","237,005","161,463","75,542","321,690","265,993","55,697"
2022 Mar  ,"-99,398","-119,981","20,583","248,299","171,473","76,826","347,697","291,454","56,243"
2022 Apr  ,"-82,878","-103,845","20,968","256,715","177,771","78,944","339,592","281,617","57,976"
2022 May  ,"-82,157","-102,177","20,020","259,050","179,951","79,099","341,207","282,128","59,079"
2022 Jun  ,"-79,785","-99,398","19,613","262,615","182,582","80,034","342,400","281,980","60,420"
2022 Jul  ,"-68,396","-88,655","20,259","265,032","183,650","81,382","333,428","272,305","61,123"
2022 Aug  ,"-66,959","-87,630","20,671","265,216","183,131","82,085","332,175","270,762","61,414"
2022 Sep  ,"-67,781","-88,770","20,989","262,473","179,796","82,676","330,254","268,566","61,688"
2022 Oct  ,"-74,773","-96,831","22,058","259,671","175,966","83,705","334,444","272,797","61,647"
2022 Nov  ,"-62,798","-84,760","21,962","256,225","172,425","83,800","319,022","257,185","61,838"
2022 Dec  ,"-70,521","-92,925","22,404","253,508","169,230","84,278","324,029","262,155","61,874"
2023 Jan  ,"-68,800","-91,071","22,271","259,974","175,518","84,456","328,774","266,589","62,185"
2023 Feb  ,"-69,202","-92,171","22,969","254,337","169,282","85,055","323,539","261,453","62,086"
2023 Mar  ,"-58,587","-81,937","23,351","259,541","174,112","85,429","318,127","256,049","62,079"
2023 Apr  ,"-71,110","-93,950","22,840","253,608","167,547","86,061","324,718","261,497","63,222"
2023 May  ,"-65,814","-89,397","23,584","252,569","165,994","86,575","318,383","255,391","62,992"
2023 Jun  ,"-65,163","-88,851","23,688","251,879","164,797","87,082","317,042","253,648","63,394"
2023 Jul  ,"-63,759","-88,294","24,535","255,576","168,286","87,290","319,335","256,580","62,755"
2023 Aug  ,"-59,165","-84,221","25,055","259,963","172,138","87,825","319,128","256,358","62,770"
2023 Sep  ,"-59,565","-83,759","24,194","263,533","175,342","88,191","323,098","259,101","63,997"
2023 Oct  ,"-64,100","-87,230","23,130","262,463","174,325","88,138","326,563","261,555","65,008"
2023 Nov  ,"-65,053","-88,444","23,391","257,254","168,469","88,785","322,307","256,913","65,394"
2023 Dec  ,"-63,888","-88,171","24,284","261,838","171,647","90,191","325,726","259,819","65,907"
2024 Jan  ,"-67,077","-92,640","25,562","261,796","170,216","91,579","328,873","262,856","66,017"
2024 Feb  ,"-66,431","-92,390","25,959","269,323","175,344","93,979","335,754","267,734","68,021"
2024 Mar  ,"-66,266","-93,122","26,857","265,638","171,506","94,131","331,904","264,629","67,275"
2024 Apr  ,"-73,110","-98,957","25,847","266,393","173,037","93,356","339,503","271,994","67,509"
2024 May  ,"-74,456","-100,630","26,174","264,976","170,321","94,655","339,432","270,951","68,481"
2024 Jun  ,"-73,892","-99,563","25,671","268,356","173,318","95,039","342,248","272,881","69,367"
2024 Jul  ,"-78,639","-104,350","25,711","271,115","174,671","96,444","349,754","279,021","70,733"
2024 Aug  ,"-71,214","-97,117","25,904","275,719","177,954","97,765","346,933","275,071","71,862"
2024 Sep  ,"-81,498","-107,722","26,224","273,687","175,484","98,203","355,185","283,206","71,979"
2024 Oct  ,"-74,250","-100,088","25,839","269,501","170,941","98,560","343,751","271,029","72,722"
2024 Nov  ,"-79,752","-106,002","26,249","275,828","176,509","99,319","355,580","282,510","73,070"
2024 Dec  ,"-96,948","-122,822","25,874","270,192","170,476","99,715","367,140","293,299","73,841"
2025 Jan,"-128,801","-156,077","27,276","273,946","173,735","100,210","402,746","329,812","72,934"
2025 Feb,"-120,278","-147,190","26,912","280,908","180,967","99,940","401,186","328,158","73,029"
2025 Mar,"-136,419","-162,517","26,097","283,593","184,226","99,367","420,013","346,743","73,270"
2025 Apr,"-60,191","-86,912","26,721","291,785","190,893","100,893","351,977","277,805","74,172"
2025 May,"-71,116","-97,352","26,236","280,391","180,093","100,298","351,506","277,444","74,062"
2025 Jun,"-59,086","-85,717","26,631","279,650","179,217","100,433","338,736","264,934","73,802"
2025 Jul (R)  ,"-78,154","-103,723","25,569","280,602","179,549","101,053","358,756","283,272","75,484"
2025 Aug,"-59,550","-85,608","26,058","280,832","179,019","101,813","340,382","264,627","75,755"